{"text": " \u0627\u064a\u0647 \u0627\u0643\u064a\u062f \u0628\u062d\u0643\u064a \u0639\u0631\u0628\u064a \u062d\u0628\u064a\u0628\u064a \u0627\u0630\u0627 \u0628\u062f\u0623\u062a \u0627\u0628\u062f\u0623\u062a \u0627\u0648 \u0628\u062f\u0623\u062a \u0627\u0644\u0644\u064a \u062d\u0643\u064a\u0646\u0627", "segments": [{"id": 0, "seek": 0, "start": 0.0, "end": 7.0, "text": " \u0627\u064a\u0647 \u0627\u0643\u064a\u062f \u0628\u062d\u0643\u064a \u0639\u0631\u0628\u064a \u062d\u0628\u064a\u0628\u064a \u0627\u0630\u0627 \u0628\u062f\u0623\u062a \u0627\u0628\u062f\u0623\u062a \u0627\u0648 \u0628\u062f\u0623\u062a \u0627\u0644\u0644\u064a \u062d\u0643\u064a\u0646\u0627", "tokens": [50364, 1975, 1829, 3224, 1975, 4117, 25708, 4724, 5016, 4117, 1829, 6225, 2288, 21292, 11331, 21292, 21292, 1975, 15730, 47525, 10721, 2655, 1975, 44510, 10721, 2655, 1975, 2407, 47525, 10721, 2655, 13672, 1829, 11331, 4117, 1829, 8315, 50714], "temperature": 0.0, "avg_logprob": -0.45950953165690106, "compression_ratio": 1.4189189189189189, "no_speech_prob": 0.220750629901886}], "language": "Arabic"}