{"text": " \u0647\u0627\u064a \u0631\u062f\u0643 \u064a\u0646\u0648 \u0627\u064a\u0646\u0643 \u0627\u0644\u0644\u0639", "segments": [{"id": 0, "seek": 0, "start": 0.0, "end": 2.44, "text": " \u0647\u0627\u064a \u0631\u062f\u0643 \u064a\u0646\u0648 \u0627\u064a\u0646\u0643 \u0627\u0644\u0644\u0639", "tokens": [50365, 8032, 47302, 12602, 3215, 4117, 7251, 1863, 2407, 1975, 9957, 4117, 13672, 3615, 50487], "temperature": 0.0, "avg_logprob": -0.7373424768447876, "compression_ratio": 0.9047619047619048, "no_speech_prob": 5.647527778762651e-09}], "language": "ar"}