{"text": " \u0634\u0633\u0627\u0631 \u0645\u0627\u062e\u064a\u0644\u0643 \u0634\u0633\u0627\u0626\u0631 \u0645\u0627\u0644 \u0645\u062e\u064a\u0645\u062a\u0643", "segments": [{"id": 0, "seek": 0, "start": 0.0, "end": 2.0, "text": " \u0634\u0633\u0627\u0631 \u0645\u0627\u062e\u064a\u0644\u0643", "tokens": [50364, 13412, 3794, 9640, 3714, 47283, 26895, 4117, 50464], "temperature": 0.0, "avg_logprob": -0.7055786796238112, "compression_ratio": 1.1063829787234043, "no_speech_prob": 0.05861511826515198}, {"id": 1, "seek": 0, "start": 2.0, "end": 4.0, "text": " \u0634\u0633\u0627\u0626\u0631 \u0645\u0627\u0644 \u0645\u062e\u064a\u0645\u062a\u0643", "tokens": [50464, 13412, 3794, 16373, 2288, 3714, 6027, 3714, 9778, 32640, 2655, 4117, 50564], "temperature": 0.0, "avg_logprob": -0.7055786796238112, "compression_ratio": 1.1063829787234043, "no_speech_prob": 0.05861511826515198}], "language": "Arabic"}