{"text": " \u0623\u0628\u0631\u0648\u0643\u064a \u0641\u0627\u0642\u0644\u0643 \u0627\u0644\u064a\u0648\u0645 \u0635\u0627\u0631 \u0645\u0627 \u064a\u0634\u063a\u0644 \u0641\u062a\u062d\u0628 \u0631\u063a\u0627\u0646\u0646\u0627 \u0634\u064a\u0626 \u0628\u0648\u0632\u064a\u062a\u064a\u0641 \u0627\u0644\u064a\u0648\u0645 \u0641\u064a \u0646\u064a\u0627\u0645 \u0628\u0627\u0637\u0648\u0644 \u0645\u0646 \u0633\u0627\u0631 \u0637\u0627\u0631\u062a\u064a \u064a\u0639\u0646\u064a \u0623\u0646 \u0623\u0644\u0648\u0634 \u0627\u0633\u0645\u0648\u0634\u064a \u0648\u0639\u0644\u0649 \u0643\u0645\u0634\u064a \u062a\u064a\u0646\u064a \u0645\u0627 \u0623\u0628\u0644 \u062a\u0645\u0648\u0647 \u0641\u0645\u0647\u0645\u0627 \u062d\u0643\u064a \u062d\u0643\u064a \u062a\u0645\u0648\u0647 \u0648\u0645\u0634\u0631 \u062d\u0627\u0644\u0648\u0627 \u0628\u0627\u0637\u0644\u0648\u0646 \u0627\u0644\u0623\u0645\u0648\u0631 \u0648\u0639\u0644\u0648\u0644 \u062e\u0644\u0635\u0646\u0627 \u0647\u0645\u0627\u0645\u0634 \u062e\u0644\u0627\u0644 \u0627\u0644\u0623\u0645\u0627\u0631\u0643 \u0633\u0648\u0641 \u064a\u0646\u0634\u0639\u0644\u0645 \u0646\u064a\u062d\u0629 \u0641\u0645\u062a\u0643\u064a\u0641 \u0641\u0627\u0644\u0632\u0645\u0646\u0627 \u0645\u0644\u062d\u0644 \u0639\u062f\u064a\u0639\u0627\u064a\u0629 \u0639\u0644\u0649 \u0627\u0644\u062d\u0627\u062f\u0644 \u0634\u0628\u0633 \u0645\u0648\u0644 \u0634\u062a\u062c \u0628\u0637\u064a\u0648 \u0648\u0639\u0644\u0649 \u0628\u0627\u0648 \u0633\u0627\u0644 \u0648\u0627\u0644\u0633\u0637\u064a\u0648 \u0648\u0639\u0644\u0649 \u0634\u062f \u0628\u0631\u0648\u062c\u064a\u0627\u062a \u0645\u0646 \u0639\u0645\u0644\u0647 \u0648\u0645\u0633\u064a\u0631\u0646\u0627 \u0628\u0627\u0637\u0644\u0648\u0646\u064a\u0647\u0627 \u0627\u0644\u0645\u0646\u0648\u0639\u0627\u062a \u0644\u0644\u062a\u064a\u0646\u064a \u0648\u0644\u064a\u0634 \u062a\u063a\u0644\u0634\u064a \u0633\u0648\u0634 \u0645\u064a\u062f\u064a\u0648 \u0627\u0644\u0645\u0645\u0648\u0631", "segments": [{"id": 0, "seek": 0, "start": 0.0, "end": 4.1, "text": " \u0623\u0628\u0631\u0648\u0643\u064a \u0641\u0627\u0642\u0644\u0643 \u0627\u0644\u064a\u0648\u0645 \u0635\u0627\u0631 \u0645\u0627 \u064a\u0634\u063a\u0644", "tokens": [50364, 5551, 3555, 32887, 4117, 1829, 6156, 995, 4587, 23275, 45595, 20498, 20328, 9640, 19446, 7251, 8592, 17082, 1211, 50569], "temperature": 0.0, "avg_logprob": -0.9141395521460113, "compression_ratio": 1.8878923766816142, "no_speech_prob": 0.2896585166454315}, {"id": 1, "seek": 0, "start": 4.1, "end": 6.1000000000000005, "text": " \u0641\u062a\u062d\u0628 \u0631\u063a\u0627\u0646\u0646\u0627 \u0634\u064a\u0626 \u0628\u0648\u0632\u064a\u062a\u064a\u0641", "tokens": [50569, 6156, 2655, 5016, 3555, 12602, 17082, 7649, 8315, 44049, 19986, 4724, 2407, 11622, 1829, 31371, 5172, 50669], "temperature": 0.0, "avg_logprob": -0.9141395521460113, "compression_ratio": 1.8878923766816142, "no_speech_prob": 0.2896585166454315}, {"id": 2, "seek": 0, "start": 6.1000000000000005, "end": 8.9, "text": " \u0627\u0644\u064a\u0648\u0645 \u0641\u064a \u0646\u064a\u0627\u0645 \u0628\u0627\u0637\u0648\u0644 \u0645\u0646 \u0633\u0627\u0631 \u0637\u0627\u0631\u062a\u064a", "tokens": [50669, 45595, 20498, 8978, 8717, 1829, 10943, 4724, 41193, 12610, 9154, 8608, 9640, 23032, 9640, 31371, 50809], "temperature": 0.0, "avg_logprob": -0.9141395521460113, "compression_ratio": 1.8878923766816142, "no_speech_prob": 0.2896585166454315}, {"id": 3, "seek": 0, "start": 8.9, "end": 12.3, "text": " \u064a\u0639\u0646\u064a \u0623\u0646 \u0623\u0644\u0648\u0634 \u0627\u0633\u0645\u0648\u0634\u064a \u0648\u0639\u0644\u0649 \u0643\u0645\u0634\u064a \u062a\u064a\u0646\u064a", "tokens": [50809, 37495, 22653, 14739, 5551, 1211, 2407, 8592, 24525, 2304, 2407, 8592, 1829, 4032, 3615, 23942, 9122, 2304, 8592, 1829, 6055, 9957, 1829, 50979], "temperature": 0.0, "avg_logprob": -0.9141395521460113, "compression_ratio": 1.8878923766816142, "no_speech_prob": 0.2896585166454315}, {"id": 4, "seek": 0, "start": 12.3, "end": 13.58, "text": " \u0645\u0627 \u0623\u0628\u0644 \u062a\u0645\u0648\u0647", "tokens": [50979, 19446, 5551, 36150, 6055, 2304, 2407, 3224, 51043], "temperature": 0.0, "avg_logprob": -0.9141395521460113, "compression_ratio": 1.8878923766816142, "no_speech_prob": 0.2896585166454315}, {"id": 5, "seek": 0, "start": 13.58, "end": 18.900000000000002, "text": " \u0641\u0645\u0647\u0645\u0627 \u062d\u0643\u064a \u062d\u0643\u064a \u062a\u0645\u0648\u0647 \u0648\u0645\u0634\u0631 \u062d\u0627\u0644\u0648\u0627 \u0628\u0627\u0637\u0644\u0648\u0646 \u0627\u0644\u0623\u0645\u0648\u0631", "tokens": [51043, 6156, 2304, 3224, 15042, 11331, 4117, 1829, 11331, 4117, 1829, 6055, 2304, 2407, 3224, 4032, 2304, 8592, 2288, 11331, 6027, 14407, 4724, 41193, 1211, 11536, 16247, 2304, 13063, 51309], "temperature": 0.0, "avg_logprob": -0.9141395521460113, "compression_ratio": 1.8878923766816142, "no_speech_prob": 0.2896585166454315}, {"id": 6, "seek": 0, "start": 18.900000000000002, "end": 21.5, "text": " \u0648\u0639\u0644\u0648\u0644 \u062e\u0644\u0635\u0646\u0627 \u0647\u0645\u0627\u0645\u0634 \u062e\u0644\u0627\u0644 \u0627\u0644\u0623\u0645\u0627\u0631\u0643", "tokens": [51309, 4032, 3615, 1211, 12610, 16490, 1211, 9381, 8315, 8032, 2304, 10943, 8592, 16490, 1211, 6027, 16247, 2304, 9640, 4117, 51439], "temperature": 0.0, "avg_logprob": -0.9141395521460113, "compression_ratio": 1.8878923766816142, "no_speech_prob": 0.2896585166454315}, {"id": 7, "seek": 0, "start": 21.5, "end": 25.5, "text": " \u0633\u0648\u0641 \u064a\u0646\u0634\u0639\u0644\u0645 \u0646\u064a\u062d\u0629", "tokens": [51439, 8608, 38688, 7251, 1863, 8592, 3615, 19528, 8717, 1829, 5016, 3660, 51639], "temperature": 0.0, "avg_logprob": -0.9141395521460113, "compression_ratio": 1.8878923766816142, "no_speech_prob": 0.2896585166454315}, {"id": 8, "seek": 0, "start": 25.5, "end": 26.7, "text": " \u0641\u0645\u062a\u0643\u064a\u0641", "tokens": [51639, 6156, 2304, 2655, 4117, 33911, 51699], "temperature": 0.0, "avg_logprob": -0.9141395521460113, "compression_ratio": 1.8878923766816142, "no_speech_prob": 0.2896585166454315}, {"id": 9, "seek": 2670, "start": 26.7, "end": 28.7, "text": " \u0641\u0627\u0644\u0632\u0645\u0646\u0627 \u0645\u0644\u062d\u0644 \u0639\u062f\u064a\u0639\u0627\u064a\u0629", "tokens": [50364, 6156, 6027, 11622, 2304, 8315, 3714, 1211, 5016, 1211, 6225, 16254, 3615, 995, 10632, 50464], "temperature": 0.0, "avg_logprob": -0.9216721680787232, "compression_ratio": 1.7530864197530864, "no_speech_prob": 0.053598955273628235}, {"id": 10, "seek": 2670, "start": 28.7, "end": 31.7, "text": " \u0639\u0644\u0649 \u0627\u0644\u062d\u0627\u062f\u0644 \u0634\u0628\u0633 \u0645\u0648\u0644", "tokens": [50464, 15844, 21542, 18513, 1211, 13412, 3555, 3794, 3714, 12610, 50614], "temperature": 0.0, "avg_logprob": -0.9216721680787232, "compression_ratio": 1.7530864197530864, "no_speech_prob": 0.053598955273628235}, {"id": 11, "seek": 2670, "start": 31.7, "end": 33.7, "text": " \u0634\u062a\u062c \u0628\u0637\u064a\u0648", "tokens": [50614, 13412, 2655, 7435, 4724, 9566, 1829, 2407, 50714], "temperature": 0.0, "avg_logprob": -0.9216721680787232, "compression_ratio": 1.7530864197530864, "no_speech_prob": 0.053598955273628235}, {"id": 12, "seek": 2670, "start": 33.7, "end": 35.7, "text": " \u0648\u0639\u0644\u0649 \u0628\u0627\u0648 \u0633\u0627\u0644 \u0648\u0627\u0644\u0633\u0637\u064a\u0648", "tokens": [50714, 4032, 3615, 23942, 4724, 995, 2407, 8608, 6027, 16070, 3794, 9566, 1829, 2407, 50814], "temperature": 0.0, "avg_logprob": -0.9216721680787232, "compression_ratio": 1.7530864197530864, "no_speech_prob": 0.053598955273628235}, {"id": 13, "seek": 2670, "start": 35.7, "end": 37.7, "text": " \u0648\u0639\u0644\u0649 \u0634\u062f \u0628\u0631\u0648\u062c\u064a\u0627\u062a \u0645\u0646 \u0639\u0645\u0644\u0647", "tokens": [50814, 4032, 3615, 23942, 13412, 3215, 4724, 32887, 7435, 1829, 9307, 9154, 6225, 42213, 3224, 50914], "temperature": 0.0,