{"text": " \u0643\u0644\u0647 \u0643\u0644\u0647 \u0641\u062a\u0627\u0634", "segments": [{"id": 0, "seek": 0, "start": 0.0, "end": 2.0, "text": " \u0643\u0644\u0647 \u0643\u0644\u0647 \u0641\u062a\u0627\u0634", "tokens": [50364, 28242, 3224, 28242, 3224, 6156, 2655, 33599, 50464], "temperature": 0.0, "avg_logprob": -0.5690633296966553, "compression_ratio": 0.8461538461538461, "no_speech_prob": 0.14343906939029694}], "language": "ar"}