{"text": " \u0644\u0627\u064a\u0643 \u0628\u0631\u0648 \u062c\u064a\u062a \u0639\u0646 \u0628\u0639\u0645\u0644 \u0631\u064a\u0644\u064a\u0632 \u0644\u0623\u0648\u0631 \u0627\u0644\u0644\u064a\u0643 \u0634\u0648 \u0639\u0637\u064a\u0646\u0627 \u062c\u0631\u0628\u062a \u0645\u0631\u062a\u064a\u0646 \u0639\u0637\u064a\u0646\u0627 \u0646\u0641\u0633 \u0627\u0644\u0634\u064a \u0645\u0631\u0629 \u0627\u0644\u062a\u0627\u0644\u062a\u064a\u0646 \u0639\u0645\u0627\u0631 \u0631\u064a\u0644\u064a\u0632 \u0644\u0627\u064a\u0643 \u0627\u0648\u062a \u0644\u0643", "segments": [{"id": 0, "seek": 0, "start": 0.0, "end": 3.48, "text": " \u0644\u0627\u064a\u0643 \u0628\u0631\u0648 \u062c\u064a\u062a \u0639\u0646 \u0628\u0639\u0645\u0644 \u0631\u064a\u0644\u064a\u0632 \u0644\u0623\u0648\u0631 \u0627\u0644\u0644\u064a\u0643 \u0634\u0648 \u0639\u0637\u064a\u0646\u0627", "tokens": [50365, 20193, 1829, 4117, 4724, 32887, 10874, 36081, 18871, 4724, 25957, 1211, 12602, 1829, 20292, 11622, 5296, 10721, 13063, 13672, 1829, 4117, 13412, 2407, 6225, 9566, 1829, 8315, 50539], "temperature": 0.0, "avg_logprob": -0.3579092314749053, "compression_ratio": 1.638655462184874, "no_speech_prob": 1.7429749310515774e-10}, {"id": 1, "seek": 0, "start": 3.48, "end": 8.88, "text": " \u062c\u0631\u0628\u062a \u0645\u0631\u062a\u064a\u0646 \u0639\u0637\u064a\u0646\u0627 \u0646\u0641\u0633 \u0627\u0644\u0634\u064a \u0645\u0631\u0629 \u0627\u0644\u062a\u0627\u0644\u062a\u064a\u0646 \u0639\u0645\u0627\u0631 \u0631\u064a\u0644\u064a\u0632 \u0644\u0627\u064a\u0643 \u0627\u0648\u062a \u0644\u0643", "tokens": [50539, 10874, 25513, 2655, 3714, 43500, 9957, 6225, 9566, 1829, 8315, 8717, 36178, 25124, 1829, 3714, 25720, 16712, 6027, 2655, 9957, 6225, 2304, 9640, 12602, 1829, 20292, 11622, 20193, 1829, 4117, 1975, 35473, 5296, 4117, 50809], "temperature": 0.0, "avg_logprob": -0.3579092314749053, "compression_ratio": 1.638655462184874, "no_speech_prob": 1.7429749310515774e-10}], "language": "Arabic"}