{"text": " \u0644\u062f\u064a\u0643 \u0628\u0631\u0648 \u0627\u0644\u0632\u0647\u0627\u0644\u0641\u0627\u0646 \u0647\u064a\u0646\u064a \u0641\u064a\u0646\u0627 \u0641\u064a \u0623\u062e\u062f\u0647\u0645 \u064a\u0639\u0646\u064a \u0628\u0631\u0648\u062d\u0627\u0646\u0627 \u0643\u0627\u064a\u0634\u0648 \u0642\u0646\u0648\u0631 \u0639\u0645 \u0643\u0628\u064a\u0631", "segments": [{"id": 0, "seek": 0, "start": 0.0, "end": 2.0, "text": " \u0644\u062f\u064a\u0643 \u0628\u0631\u0648 \u0627\u0644\u0632\u0647\u0627\u0644\u0641\u0627\u0646 \u0647\u064a\u0646\u064a", "tokens": [50365, 5296, 16254, 4117, 4724, 32887, 6024, 110, 3224, 6027, 5172, 7649, 8032, 9957, 1829, 50465], "temperature": 0.0, "avg_logprob": -0.6886072361722906, "compression_ratio": 1.3548387096774193, "no_speech_prob": 4.73413086510277e-10}, {"id": 1, "seek": 0, "start": 2.0, "end": 6.0, "text": " \u0641\u064a\u0646\u0627 \u0641\u064a \u0623\u062e\u062f\u0647\u0645 \u064a\u0639\u0646\u064a \u0628\u0631\u0648\u062d\u0627\u0646\u0627 \u0643\u0627\u064a\u0634\u0648", "tokens": [50465, 8978, 8315, 8978, 5551, 9778, 3215, 16095, 37495, 22653, 4724, 32887, 5016, 7649, 995, 9122, 47302, 8592, 2407, 50665], "temperature": 0.0, "avg_logprob": -0.6886072361722906, "compression_ratio": 1.3548387096774193, "no_speech_prob": 4.73413086510277e-10}, {"id": 2, "seek": 0, "start": 6.0, "end": 8.0, "text": " \u0642\u0646\u0648\u0631 \u0639\u0645 \u0643\u0628\u064a\u0631", "tokens": [50665, 12174, 1863, 13063, 6225, 2304, 9122, 3555, 13546, 50765], "temperature": 0.0, "avg_logprob": -0.6886072361722906, "compression_ratio": 1.3548387096774193, "no_speech_prob": 4.73413086510277e-10}], "language": "Arabic"}