{"text": " \u0635\u0628\u0627\u062d\u0647 \u0639\u0645\u0648 \u0627\u0644\u0634\u0631\u0628\u0644 \u0642\u0627\u0644\u0648\u0627 \u0644\u064a \u0647\u0644\u0642 \u0643\u0627\u0646 \u0645\u0631\u0634\u062d \u0639\u0646 \u0627\u0644\u062a\u064a\u0627\u0631 \u0645\u0631\u062a\u064a\u0646 \u0639\u0644\u0649 \u0646\u0627\u0626\u0628\u0629 \u0627\u0644\u0645\u062d\u0627\u0645\u064a\u0646 \u0625\u0630\u0627 \u0642\u0627\u0644\u0648\u0627 \u0644\u064a \u0628\u062a\u0639\u0631\u0641 \u062d\u062f\u0627 \u0645\u0646 \u0627\u0644\u062a\u064a\u0627\u0631 \u0628\u062d\u0644\u0647\u0627 \u0634\u0648\u0641 \u0627\u0646\u062a \u0639\u0644\u0627\u0642\u0627\u062a\u0643 \u0628\u0631\u0643\u064a \u0628\u064a\u062d\u0643\u0648\u0627 \u0628\u0627\u064a \u0648\u0628\u064a\u062f\u0641\u0639\u0646\u0627 \u0627\u0644\u0645\u0635\u0631\u064a\u0627\u062a \u0648\u0645\u0646\u0631\u062a\u0627\u062d \u0645\u0646\u0647\u0627 \u0627\u0644\u0644\u0627\u0628\u0643\u064a \u0643\u0644\u0647\u0627 \u0645\u0639\u0644\u0648\u0645\u0627\u062a \u0623\u0643\u064a\u062f\u0629", "segments": [{"id": 0, "seek": 0, "start": 0.0, "end": 7.0, "text": " \u0635\u0628\u0627\u062d\u0647 \u0639\u0645\u0648 \u0627\u0644\u0634\u0631\u0628\u0644 \u0642\u0627\u0644\u0648\u0627 \u0644\u064a \u0647\u0644\u0642 \u0643\u0627\u0646 \u0645\u0631\u0634\u062d \u0639\u0646 \u0627\u0644\u062a\u064a\u0627\u0631 \u0645\u0631\u062a\u064a\u0646 \u0639\u0644\u0649 \u0646\u0627\u0626\u0628\u0629 \u0627\u0644\u0645\u062d\u0627\u0645\u064a\u0646", "tokens": [50365, 20328, 3555, 39319, 3224, 6225, 2304, 2407, 25124, 2288, 36150, 50239, 14407, 32239, 8032, 1211, 4587, 25961, 3714, 2288, 8592, 5016, 18871, 2423, 31371, 9640, 3714, 43500, 9957, 15844, 8717, 16373, 49401, 9673, 5016, 10943, 9957, 50715], "temperature": 0.0, "avg_logprob": -0.31774464359989874, "compression_ratio": 1.9119170984455958, "no_speech_prob": 2.658400444222053e-10}, {"id": 1, "seek": 0, "start": 7.0, "end": 17.0, "text": " \u0625\u0630\u0627 \u0642\u0627\u0644\u0648\u0627 \u0644\u064a \u0628\u062a\u0639\u0631\u0641 \u062d\u062f\u0627 \u0645\u0646 \u0627\u0644\u062a\u064a\u0627\u0631 \u0628\u062d\u0644\u0647\u0627 \u0634\u0648\u0641 \u0627\u0646\u062a \u0639\u0644\u0627\u0642\u0627\u062a\u0643 \u0628\u0631\u0643\u064a \u0628\u064a\u062d\u0643\u0648\u0627 \u0628\u0627\u064a \u0648\u0628\u064a\u062f\u0641\u0639\u0646\u0627 \u0627\u0644\u0645\u0635\u0631\u064a\u0627\u062a \u0648\u0645\u0646\u0631\u062a\u0627\u062d \u0645\u0646\u0647\u0627 \u0627\u0644\u0644\u0627\u0628\u0643\u064a \u0643\u0644\u0647\u0627 \u0645\u0639\u0644\u0648\u0645\u0627\u062a \u0623\u0643\u064a\u062f\u0629", "tokens": [50715, 11933, 15730, 50239, 14407, 32239, 39894, 3615, 28480, 11331, 28259, 9154, 2423, 31371, 9640, 4724, 5016, 1211, 11296, 13412, 38688, 16472, 2655, 11203, 995, 4587, 9307, 4117, 4724, 31747, 1829, 4724, 1829, 5016, 4117, 14407, 4724, 47302, 4032, 21292, 3215, 5172, 3615, 8315, 9673, 9381, 16572, 9307, 4032, 27842, 43500, 39319, 9154, 11296, 13672, 16758, 4117, 1829, 28242, 11296, 20449, 1211, 20498, 9307, 5551, 4117, 25708, 3660, 51215], "temperature": 0.0, "avg_logprob": -0.31774464359989874, "compression_ratio": 1.9119170984455958, "no_speech_prob": 2.658400444222053e-10}], "language": "Arabic"}