{"text": " \u0643\u064a\u0641\u0643 \u0643\u0644\u0647 \u062a\u0645\u0627\u0645\u061f \u0627\u0639\u0637\u064a\u0646\u064a \u0628\u0633 \u0639\u0634\u0631 \u062f\u0642\u0627\u0626\u0642 \u062a\u0634\u0648\u0641 \u0627\u0630\u0627 \u0644\u062d\u0642\u0642 \u062f\u0631 \u0627\u062c\u064a \u0645\u0646\u062a\u0642\u0627\u064a\u0627 \u0633\u0627\u0639\u0629 \u0627\u0644\u0644\u0639\u0628", "segments": [{"id": 0, "seek": 0, "start": 0.0, "end": 2.0, "text": " \u0643\u064a\u0641\u0643 \u0643\u0644\u0647 \u062a\u0645\u0627\u0645\u061f", "tokens": [50364, 9122, 33911, 4117, 28242, 3224, 46811, 10943, 22807, 50464], "temperature": 0.0, "avg_logprob": -0.6543481934745357, "compression_ratio": 1.276190476190476, "no_speech_prob": 0.05807821825146675}, {"id": 1, "seek": 0, "start": 3.0, "end": 5.0, "text": " \u0627\u0639\u0637\u064a\u0646\u064a \u0628\u0633 \u0639\u0634\u0631 \u062f\u0642\u0627\u0626\u0642 \u062a\u0634\u0648\u0641 \u0627\u0630\u0627 \u0644\u062d\u0642\u0642 \u062f\u0631 \u0627\u062c\u064a", "tokens": [50514, 1975, 3615, 9566, 9957, 1829, 4724, 3794, 6225, 46309, 11778, 4587, 16373, 4587, 6055, 8592, 38688, 1975, 15730, 5296, 5016, 4587, 4587, 11778, 2288, 1975, 7435, 1829, 50614], "temperature": 0.0, "avg_logprob": -0.6543481934745357, "compression_ratio": 1.276190476190476, "no_speech_prob": 0.05807821825146675}, {"id": 2, "seek": 0, "start": 5.0, "end": 7.0, "text": " \u0645\u0646\u062a\u0642\u0627\u064a\u0627 \u0633\u0627\u0639\u0629 \u0627\u0644\u0644\u0639\u0628", "tokens": [50614, 9154, 2655, 4587, 995, 25528, 8608, 995, 27884, 13672, 3615, 3555, 50714], "temperature": 0.0, "avg_logprob": -0.6543481934745357, "compression_ratio": 1.276190476190476, "no_speech_prob": 0.05807821825146675}], "language": "Arabic"}