{"text": " \u0647\u0646\u0627\u0644 \u0628\u0646\u064a \u064a\u0631\u062f\u0647 \u0645\u0627 \u0628\u064a\u0631\u062f\u0647 \u0647\u0646\u0627\u0644\u062a\u0627 \u064a\u0631\u062f\u0647 \u0639\u0644\u0649 \u0645\u062d\u0627\u0645\u0644\u0627\u062a \u0627\u0644\u0644\u064a \u064a\u0639\u0645\u0644\u0648\u0627 \u0644\u0648\u0644\u064a\u062f\u0644 \u0648\u0647\u0648\u0636\u064a \u0627\u0644\u0628\u0627\u0633\u0628\u0648\u0631 \u0648\u0627\u062e\u0631\u0627\u062c \u0627\u0644\u0642\u062f\u0645\u0629 \u0645\u0627 \u0628\u064a\u0631\u062f\u0647 \u0634\u0648 \u0628\u0639\u0631\u0641\u0646\u064a \u0639\u0644\u0649 \u0642\u0644\u0629 \u0634\u0648\u0641 \u0644\u0643 \u062d\u062f\u0642\u0629 \u0645\u062d\u0627\u0645\u0629 \u0648\u0644\u0627 \u0634\u064a \u0641\u064a \u0648\u0627\u062d\u062f\u0629 \u0645\u0646 \u0627\u0644\u0639\u0642\u0648\u0631\u0629 \u0641\u064a \u0647\u064a\u0648\u0633\u062a\u0646 \u0645\u062d\u0627\u0645\u064a\u0629 \u062a\u0647\u062c\u0631\u0629 \u0628\u0633\u0627\u062f\u064a\u0643 \u0645\u0627 \u0639\u0632 \u0628\u062a\u0627\u062e\u062f \u0647\u064a\u0643 \u0642\u0636\u0627\u064a\u0627 \u0648\u0641\u064a \u0648\u0627\u062d\u062f \u0628\u0639\u0631\u0641 \u0643\u0645\u0627\u0646 \u0645\u062d\u0627\u0645\u0629 \u0647\u062c\u0631\u0629 \u0627\u0646\u0627 \u0628\u062a\u0645\u0628\u0627 \u0632\u0628\u0627\u062f\u0643 \u0645\u0627 \u0628\u0639\u0631\u0641 \u062a\u062d\u0643\u064a\u0647 \u0648\u0646\u0634\u0648\u0641", "segments": [{"id": 0, "seek": 0, "start": 0.0, "end": 2.0, "text": " \u0647\u0646\u0627\u0644 \u0628\u0646\u064a \u064a\u0631\u062f\u0647 \u0645\u0627 \u0628\u064a\u0631\u062f\u0647", "tokens": [50365, 8032, 1863, 6027, 4724, 22653, 7251, 2288, 3215, 3224, 19446, 4724, 13546, 3215, 3224, 50465], "temperature": 0.0, "avg_logprob": -0.4049410820007324, "compression_ratio": 2.1152263374485596, "no_speech_prob": 2.76179579206115e-10}, {"id": 1, "seek": 0, "start": 2.0, "end": 5.0, "text": " \u0647\u0646\u0627\u0644\u062a\u0627 \u064a\u0631\u062f\u0647 \u0639\u0644\u0649 \u0645\u062d\u0627\u0645\u0644\u0627\u062a \u0627\u0644\u0644\u064a \u064a\u0639\u0645\u0644\u0648\u0627 \u0644\u0648\u0644\u064a\u062f\u0644", "tokens": [50465, 8032, 1863, 6027, 2655, 995, 7251, 2288, 3215, 3224, 15844, 3714, 5016, 10943, 1211, 9307, 13672, 1829, 7251, 25957, 1211, 14407, 5296, 12610, 25708, 1211, 50615], "temperature": 0.0, "avg_logprob": -0.4049410820007324, "compression_ratio": 2.1152263374485596, "no_speech_prob": 2.76179579206115e-10}, {"id": 2, "seek": 0, "start": 5.0, "end": 8.0, "text": " \u0648\u0647\u0648\u0636\u064a \u0627\u0644\u0628\u0627\u0633\u0628\u0648\u0631 \u0648\u0627\u062e\u0631\u0627\u062c \u0627\u0644\u0642\u062f\u0645\u0629 \u0645\u0627 \u0628\u064a\u0631\u062f\u0647", "tokens": [50615, 37037, 2407, 11242, 1829, 29739, 32277, 3555, 13063, 4032, 47283, 2288, 26108, 25062, 40448, 3660, 19446, 4724, 13546, 3215, 3224, 50765], "temperature": 0.0, "avg_logprob": -0.4049410820007324, "compression_ratio": 2.1152263374485596, "no_speech_prob": 2.76179579206115e-10}, {"id": 3, "seek": 0, "start": 10.0, "end": 12.0, "text": " \u0634\u0648 \u0628\u0639\u0631\u0641\u0646\u064a \u0639\u0644\u0649 \u0642\u0644\u0629", "tokens": [50865, 13412, 2407, 45030, 28480, 22653, 15844, 12174, 37977, 50965], "temperature": 0.0, "avg_logprob": -0.4049410820007324, "compression_ratio": 2.1152263374485596, "no_speech_prob": 2.76179579206115e-10}, {"id": 4, "seek": 0, "start": 14.0, "end": 17.0, "text": " \u0634\u0648\u0641 \u0644\u0643 \u062d\u062f\u0642\u0629 \u0645\u062d\u0627\u0645\u0629 \u0648\u0644\u0627 \u0634\u064a", "tokens": [51065, 13412, 38688, 5296, 4117, 11331, 3215, 28671, 3714, 5016, 10943, 3660, 49429, 44049, 51215], "temperature": 0.0, "avg_logprob": -0.4049410820007324, "compression_ratio": 2.1152263374485596, "no_speech_prob": 2.76179579206115e-10}, {"id": 5, "seek": 0, "start": 18.0, "end": 21.0, "text": " \u0641\u064a \u0648\u0627\u062d\u062f\u0629 \u0645\u0646 \u0627\u0644\u0639\u0642\u0648\u0631\u0629 \u0641\u064a \u0647\u064a\u0648\u0633\u062a\u0646 \u0645\u062d\u0627\u0645\u064a\u0629 \u062a\u0647\u062c\u0631\u0629 \u0628\u0633\u0627\u062f\u064a\u0643", "tokens": [51265, 8978, 36764, 24401, 3660, 9154, 18863, 4587, 13063, 3660, 8978, 39896, 2407, 14851, 1863, 3714, 5016, 10943, 10632, 6055, 3224, 7435, 25720, 4724, 3794, 995, 16254, 4117, 51415], "temperature": 0.0, "avg_logprob": -0.4049410820007324, "compression_ratio": 2.1152263374485596, "no_speech_prob": 2.76179579206115e-10}, {"id": 6, "seek": 0, "start": 21.0, "end": 22.0, "text": " \u0645\u0627 \u0639\u0632 \u0628\u062a\u0627\u062e\u062f \u0647\u064a\u0643 \u0642\u0636\u0627\u064a\u0627", "tokens": [51415, 19446, 6225, 11622, 39894, 47283, 3215, 39896, 4117, 12174, 11242, 995, 25528, 51465], "temperature": 0.0, "avg_logprob": -0.4049410820007324, "compression_ratio": 2.1152263374485596, "no_speech_prob": 2.76179579206115e-10}, {"id": 7, "seek": 0, "start": 22.0, "end": 25.0, "text": " \u0648\u0641\u064a \u0648\u0627\u062d\u062f \u0628\u0639\u0631\u0641 \u0643\u0645\u0627\u0646 \u0645\u062d\u0627\u0645\u0629 \u0647\u062c\u0631\u0629 \u0627\u0646\u0627 \u0628\u062a\u0645\u0628\u0627", "tokens": [51465, 4032, 41185, 36764, 24401, 45030, 28480, 9122, 2304, 7649, 3714, 5016, 10943, 3660, 8032, 7435, 25720, 1975, 8315, 4724, 39237, 3555, 995, 51615], "temperature": 0.0, "avg_logprob": -0.4049410820007324, "compression_ratio": 2.1152263374485596, "no_speech_prob": 2.76179579206115e-10}, {"id": 8, "seek": 0, "start": 27.0, "end": 29.0, "text": " \u0632\u0628\u0627\u062f\u0643 \u0645\u0627 \u0628\u0639\u0631\u0641 \u062a\u062d\u0643\u064a\u0647 \u0648\u0646\u0634\u0648\u0641", "tokens": [51715, 30767, 3555, 18513, 4117, 19446, 45030, 28480, 6055, 5016, 4117, 1829, 3224, 4032, 1863, 8592, 38688, 51815], "temperature": 0.0, "avg_logprob": -0.4049410820007324, "compression_ratio": 2.1152263374485596, "no_speech_prob": 2.76179579206115e-10}], "language": "ar"}