{"text": " \u0644\u0627 \u0648\u0627\u0644\u0644\u0647 \u0627\u0634\u0628\u0647 \u062f\u0643 \u0645\u0646\u0646\u0627 \u0646\u062a\u0648\u0627\u0635\u0644\u062a \u0644\u0643 \u062a\u0648\u0642\u0641 \u0627\u0644\u062d\u0631\u0628", "segments": [{"id": 0, "seek": 0, "start": 0.0, "end": 6.0, "text": " \u0644\u0627 \u0648\u0627\u0644\u0644\u0647 \u0627\u0634\u0628\u0647 \u062f\u0643 \u0645\u0646\u0646\u0627 \u0646\u062a\u0648\u0627\u0635\u0644\u062a \u0644\u0643 \u062a\u0648\u0642\u0641 \u0627\u0644\u062d\u0631\u0628", "tokens": [50364, 20193, 16070, 43761, 1975, 8592, 3555, 3224, 11778, 4117, 9154, 8315, 8717, 2655, 2407, 33546, 1211, 2655, 5296, 4117, 6055, 30543, 5172, 21542, 25513, 50664], "temperature": 0.0, "avg_logprob": -0.7774372807255497, "compression_ratio": 1.1304347826086956, "no_speech_prob": 0.4173155725002289}], "language": "Arabic"}