{"text": " \u0645\u0627 \u0627\u0646\u0627 \u0647\u064a\u0643 \u0639\u0645\u0644\u062a \u0627\u0646\u0627 \u0641\u064a\u0647 \u0643\u0644\u0647\u0627 \u0627\u0646\u062a \u0642\u0631\u062f\u062a \u0645\u0646\u0647 \u0627\u0644\u0641\u064a\u0644\u0632 \u062a\u0628\u0639\u0648\u0636 \u0627\u0644\u0646\u064a\u0648\u0632 \u0627\u0644\u0622\u0646 \u062f\u0648\u0631\u062a \u0645\u0646\u0647 \u0634\u064a \u062e\u0645\u0633\u0629 \u0627\u0644\u0641 \u062f\u0648\u0644\u0627\u0631 \u0642\u0644 \u0628\u0644\u0643 \u062d\u0637\u064a\u062a \u0627\u0644\u0644\u064a \u0634\u0627\u0634\u0629 \u0628\u0644\u0648\u0645\u0628\u0631\u062c \u0639\u0646\u062f\u064a \u0639\u0627\u0644\u0633\u0627\u064a\u062a", "segments": [{"id": 0, "seek": 0, "start": 0.0, "end": 4.5, "text": " \u0645\u0627 \u0627\u0646\u0627 \u0647\u064a\u0643 \u0639\u0645\u0644\u062a \u0627\u0646\u0627 \u0641\u064a\u0647 \u0643\u0644\u0647\u0627 \u0627\u0646\u062a \u0642\u0631\u062f\u062a \u0645\u0646\u0647 \u0627\u0644\u0641\u064a\u0644\u0632 \u062a\u0628\u0639\u0648\u0636 \u0627\u0644\u0646\u064a\u0648\u0632", "tokens": [50365, 19446, 1975, 8315, 39896, 4117, 6225, 42213, 2655, 1975, 8315, 8978, 3224, 28242, 11296, 16472, 2655, 12174, 2288, 3215, 2655, 9154, 3224, 27188, 26895, 11622, 6055, 3555, 3615, 2407, 11242, 2423, 22653, 2407, 11622, 50590], "temperature": 0.0, "avg_logprob": -0.5406491314923322, "compression_ratio": 1.6333333333333333, "no_speech_prob": 1.1342512346024236e-10}, {"id": 1, "seek": 0, "start": 5.5, "end": 7.5, "text": " \u0627\u0644\u0622\u0646 \u062f\u0648\u0631\u062a \u0645\u0646\u0647 \u0634\u064a \u062e\u0645\u0633\u0629 \u0627\u0644\u0641 \u062f\u0648\u0644\u0627\u0631", "tokens": [50640, 6024, 48506, 11778, 13063, 2655, 9154, 3224, 44049, 16490, 2304, 3794, 3660, 27188, 11778, 12610, 9640, 50740], "temperature": 0.0, "avg_logprob": -0.5406491314923322, "compression_ratio": 1.6333333333333333, "no_speech_prob": 1.1342512346024236e-10}, {"id": 2, "seek": 0, "start": 7.5, "end": 11.0, "text": " \u0642\u0644 \u0628\u0644\u0643 \u062d\u0637\u064a\u062a \u0627\u0644\u0644\u064a \u0634\u0627\u0634\u0629 \u0628\u0644\u0648\u0645\u0628\u0631\u062c \u0639\u0646\u062f\u064a \u0639\u0627\u0644\u0633\u0627\u064a\u062a", "tokens": [50740, 12174, 1211, 4724, 23275, 11331, 9566, 36081, 13672, 1829, 13412, 33599, 3660, 4724, 1211, 20498, 26890, 7435, 18871, 16254, 6225, 6027, 3794, 995, 36081, 50915], "temperature": 0.0, "avg_logprob": -0.5406491314923322, "compression_ratio": 1.6333333333333333, "no_speech_prob": 1.1342512346024236e-10}], "language": "ar"}