{"text": " \u0623\u0645 \u062a\u0632\u0628\u062a\u0647\u0627 \u0627\u0644\u0634\u0631\u0645\u0648\u062a\u0647", "segments": [{"id": 0, "seek": 0, "start": 0.0, "end": 2.0, "text": " \u0623\u0645 \u062a\u0632\u0628\u062a\u0647\u0627 \u0627\u0644\u0634\u0631\u0645\u0648\u062a\u0647", "tokens": [50364, 5551, 2304, 6055, 11622, 3555, 2655, 11296, 25124, 2288, 2304, 35473, 3224, 50464], "temperature": 0.0, "avg_logprob": -0.8330406824747721, "compression_ratio": 0.8095238095238095, "no_speech_prob": 0.031210364773869514}], "language": "ar"}