{"text": " \u0627\u0644\u0644\u0647 \u064a\u0639\u064a\u0646\u0627 \u0648\u064a\u0633\u064a\u0627\u062f \u062c\u0645\u064a\u0639 \u0627\u0646\u062a \u0639\u0646 \u0634\u0634 \u0644\u062d\u062f \u0627\u0646 \u062a\u062c\u0627\u0631 \u0631\u0628\u062a\u0634\u0648\u0635\u0629 \u0627\u0644\u0632\u0627\u0646\u0637\u0648\u0647 \u0623\u0646\u0627 \u062d\u0628\u064a\u0644 \u0627\u0644\u0623\u0645\u0648\u0631\u0629 \u0643\u064a\u0641 \u0648\u0631\u0633\u0643\u0631 \u0645\u0637\u0641\u0646 \u0633\u0631\u0645\u0627\u0646\u0629 \u0628\u0627\u0644\u0623\u0635\u0627\u0628 \u0639\u0644\u0649 \u0623\u062e\u0628\u0631", "segments": [{"id": 0, "seek": 0, "start": 0.0, "end": 7.6000000000000005, "text": " \u0627\u0644\u0644\u0647 \u064a\u0639\u064a\u0646\u0627 \u0648\u064a\u0633\u064a\u0627\u062f \u062c\u0645\u064a\u0639 \u0627\u0646\u062a \u0639\u0646 \u0634\u0634 \u0644\u062d\u062f \u0627\u0646 \u062a\u062c\u0627\u0631 \u0631\u0628\u062a\u0634\u0648\u0635\u0629 \u0627\u0644\u0632\u0627\u0646\u0637\u0648\u0647", "tokens": [50364, 21984, 37495, 1829, 8315, 4032, 1829, 3794, 1829, 18513, 10874, 2304, 40228, 16472, 2655, 18871, 13412, 8592, 5296, 24401, 16472, 6055, 7435, 9640, 12602, 3555, 2655, 8592, 2407, 9381, 3660, 6024, 110, 7649, 9566, 2407, 3224, 50744], "temperature": 0.0, "avg_logprob": -0.9398417154947917, "compression_ratio": 1.5434782608695652, "no_speech_prob": 0.07471546530723572}, {"id": 1, "seek": 0, "start": 7.6000000000000005, "end": 12.64, "text": " \u0623\u0646\u0627 \u062d\u0628\u064a\u0644 \u0627\u0644\u0623\u0645\u0648\u0631\u0629 \u0643\u064a\u0641 \u0648\u0631\u0633\u0643\u0631 \u0645\u0637\u0641\u0646", "tokens": [50744, 41850, 11331, 21292, 1211, 16247, 2304, 13063, 3660, 9122, 33911, 4032, 2288, 3794, 4117, 2288, 3714, 9566, 5172, 1863, 50996], "temperature": 0.0, "avg_logprob": -0.9398417154947917, "compression_ratio": 1.5434782608695652, "no_speech_prob": 0.07471546530723572}, {"id": 2, "seek": 0, "start": 12.64, "end": 15.48, "text": " \u0633\u0631\u0645\u0627\u0646\u0629 \u0628\u0627\u0644\u0623\u0635\u0627\u0628 \u0639\u0644\u0649 \u0623\u062e\u0628\u0631", "tokens": [50996, 8608, 2288, 2304, 7649, 3660, 20666, 10721, 9381, 16758, 15844, 5551, 9778, 26890, 51138], "temperature": 0.0, "avg_logprob": -0.9398417154947917, "compression_ratio": 1.5434782608695652, "no_speech_prob": 0.07471546530723572}], "language": "Arabic"}