{"text": " \u062a\u0644\u0627\u062f \u0628\u062e\u064a\u0644\u0643 \u0639\u0644\u0649 \u0634\u0641\u062a \u0639\u0644\u064a \u062e\u0644\u0637 \u0631\u0628\u0646\u0627 \u0647\u0644 \u062a\u0647\u062f\u0649 \u0632\u0644 \u0645\u064a \u0641\u0647\u0645\u064a\u0644\u061f \u062a\u0644\u0627\u0639\u0648\u064a\u062a \u0628\u0633\u0628\u062d\u0627\u0646 \u0631\u0628\u0646\u0627", "segments": [{"id": 0, "seek": 0, "start": 0.0, "end": 3.5, "text": " \u062a\u0644\u0627\u062f \u0628\u062e\u064a\u0644\u0643 \u0639\u0644\u0649 \u0634\u0641\u062a \u0639\u0644\u064a \u062e\u0644\u0637 \u0631\u0628\u0646\u0627", "tokens": [50364, 6055, 15040, 3215, 4724, 9778, 26895, 4117, 15844, 13412, 5172, 2655, 25894, 16490, 1211, 9566, 12602, 3555, 8315, 50539], "temperature": 0.0, "avg_logprob": -0.71417827995456, "compression_ratio": 1.3265306122448979, "no_speech_prob": 0.14880722761154175}, {"id": 1, "seek": 0, "start": 3.5, "end": 7.1000000000000005, "text": " \u0647\u0644 \u062a\u0647\u062f\u0649 \u0632\u0644 \u0645\u064a \u0641\u0647\u0645\u064a\u0644\u061f \u062a\u0644\u0627\u0639\u0648\u064a\u062a \u0628\u0633\u0628\u062d\u0627\u0646 \u0631\u0628\u0646\u0627", "tokens": [50539, 8032, 1211, 6055, 3224, 3215, 7578, 30767, 1211, 3714, 1829, 6156, 16095, 26895, 22807, 6055, 15040, 3615, 2407, 36081, 4724, 3794, 49628, 7649, 12602, 3555, 8315, 50719], "temperature": 0.0, "avg_logprob": -0.71417827995456, "compression_ratio": 1.3265306122448979, "no_speech_prob": 0.14880722761154175}], "language": "Arabic"}