{"text": " \u064a\u0623\u0643\u064a \u0643\u0644\u0645\u0627 \u0623\u062d\u0643\u064a \u0643\u0628\u062a \u062a\u0644\u0637\u0627\u0644\u064a \u0623\u064a\u0636\u0627 \u062a\u0644\u0637\u0627\u0644\u064a \u0648\u0637\u064a\u062e \u0645\u062d\u0643\u064a\u0646\u0627 \u0639\u0627\u062f\u064a \u0639\u0627\u062f\u064a \u0639\u0627\u062f\u064a \u0645\u0637\u0644\u0627\u0644\u0629 \u0645\u0646 \u0623\u0643\u064a\u062f \u064a\u0639\u0646\u064a \u0628\u062e\u064a\u0631 \u0648\u062d\u0628\u062f\u0644 \u0623\u0645\u0648\u0631 \u0645\u064a\u062e\u064a \u064a\u0639\u0646\u064a \u062e\u0627\u0646\u0643 \u0634\u0643\u0644 \u0634\u064a\u0648\u0645 \u0647\u0643\u064a \u0623\u0648\u0644 \u0628\u0627\u0644\u0644\u0627\u0644 \u064a\u0648\u0645 \u0632\u0628\u062f\u0643 \u0646\u062d\u0643\u064a \u0643\u0644", "segments": [{"id": 0, "seek": 0, "start": 0.0, "end": 2.56, "text": " \u064a\u0623\u0643\u064a \u0643\u0644\u0645\u0627 \u0623\u062d\u0643\u064a \u0643\u0628\u062a \u062a\u0644\u0637\u0627\u0644\u064a", "tokens": [50364, 7251, 10721, 4117, 1829, 9122, 19528, 995, 5551, 5016, 4117, 1829, 9122, 3555, 2655, 6055, 1211, 9566, 6027, 1829, 50492], "temperature": 0.2, "avg_logprob": -0.9916399637858073, "compression_ratio": 1.8311688311688312, "no_speech_prob": 0.12594535946846008}, {"id": 1, "seek": 0, "start": 2.56, "end": 4.28, "text": " \u0623\u064a\u0636\u0627 \u062a\u0644\u0637\u0627\u0644\u064a \u0648\u0637\u064a\u062e \u0645\u062d\u0643\u064a\u0646\u0627", "tokens": [50492, 36632, 11242, 995, 6055, 1211, 9566, 6027, 1829, 4032, 9566, 1829, 9778, 3714, 5016, 4117, 9957, 995, 50578], "temperature": 0.2, "avg_logprob": -0.9916399637858073, "compression_ratio": 1.8311688311688312, "no_speech_prob": 0.12594535946846008}, {"id": 2, "seek": 0, "start": 4.28, "end": 6.08, "text": " \u0639\u0627\u062f\u064a \u0639\u0627\u062f\u064a \u0639\u0627\u062f\u064a \u0645\u0637\u0644\u0627\u0644\u0629 \u0645\u0646 \u0623\u0643\u064a\u062f", "tokens": [50578, 6225, 18513, 1829, 6225, 18513, 1829, 6225, 18513, 1829, 3714, 9566, 1211, 6027, 3660, 9154, 5551, 4117, 25708, 50668], "temperature": 0.2, "avg_logprob": -0.9916399637858073, "compression_ratio": 1.8311688311688312, "no_speech_prob": 0.12594535946846008}, {"id": 3, "seek": 0, "start": 6.08, "end": 6.68, "text": " \u064a\u0639\u0646\u064a \u0628\u062e\u064a\u0631", "tokens": [50668, 37495, 22653, 4724, 9778, 13546, 50698], "temperature": 0.2, "avg_logprob": -0.9916399637858073, "compression_ratio": 1.8311688311688312, "no_speech_prob": 0.12594535946846008}, {"id": 4, "seek": 0, "start": 6.68, "end": 7.8, "text": " \u0648\u062d\u0628\u062f\u0644 \u0623\u0645\u0648\u0631 \u0645\u064a\u062e\u064a", "tokens": [50698, 4032, 5016, 44510, 1211, 5551, 2304, 13063, 3714, 1829, 9778, 1829, 50754], "temperature": 0.2, "avg_logprob": -0.9916399637858073, "compression_ratio": 1.8311688311688312, "no_speech_prob": 0.12594535946846008}, {"id": 5, "seek": 0, "start": 7.8, "end": 8.4, "text": " \u064a\u0639\u0646\u064a", "tokens": [50754, 37495, 22653, 50784], "temperature": 0.2, "avg_logprob": -0.9916399637858073, "compression_ratio": 1.8311688311688312, "no_speech_prob": 0.12594535946846008}, {"id": 6, "seek": 0, "start": 8.96, "end": 10.44, "text": " \u062e\u0627\u0646\u0643 \u0634\u0643\u0644 \u0634\u064a\u0648\u0645", "tokens": [50812, 16490, 7649, 4117, 13412, 28820, 13412, 1829, 20498, 50886], "temperature": 0.2, "avg_logprob": -0.9916399637858073, "compression_ratio": 1.8311688311688312, "no_speech_prob": 0.12594535946846008}, {"id": 7, "seek": 0, "start": 10.44, "end": 11.96, "text": " \u0647\u0643\u064a \u0623\u0648\u0644 \u0628\u0627\u0644\u0644\u0627\u0644 \u064a\u0648\u0645", "tokens": [50886, 8032, 4117, 1829, 5551, 12610, 20666, 1211, 6027, 7251, 20498, 50962], "temperature": 0.2, "avg_logprob": -0.9916399637858073, "compression_ratio": 1.8311688311688312, "no_speech_prob": 0.12594535946846008}, {"id": 8, "seek": 0, "start": 11.96, "end": 12.48, "text": " \u0632\u0628\u062f\u0643", "tokens": [50962, 30767, 3555, 3215, 4117, 50988], "temperature": 0.2, "avg_logprob": -0.9916399637858073, "compression_ratio": 1.8311688311688312, "no_speech_prob": 0.12594535946846008}, {"id": 9, "seek": 0, "start": 12.48, "end": 13.48, "text": " \u0646\u062d\u0643\u064a \u0643\u0644", "tokens": [50988, 8717, 5016, 4117, 1829, 28242, 51038], "temperature": 0.2, "avg_logprob": -0.9916399637858073, "compression_ratio": 1.8311688311688312, "no_speech_prob": 0.12594535946846008}], "language": "Arabic"}